<?xml version="1.0" encoding="UTF-8"?>
<project-private xmlns="http://www.netbeans.org/ns/project-private/1">
    <editor-bookmarks xmlns="http://www.netbeans.org/ns/editor-bookmarks/2" lastBookmarkId="0"/>
    <open-files xmlns="http://www.netbeans.org/ns/projectui-open-files/2">
        <group>
            <file>file:/C:/Users/Moises/Documents/NetBeansProjects/game/public_html/js/game.js</file>
            <file>file:/C:/Users/Moises/Documents/NetBeansProjects/game/public_html/js/screens/play.js</file>
            <file>file:/C:/Users/Moises/Documents/NetBeansProjects/game/public_html/js/entities/entities.js</file>
            <file>file:/C:/Users/Moises/Documents/NetBeansProjects/game/public_html/js/resources.js</file>
        </group>
    </open-files>
</project-private>
